,County,Company,Layoff Status,No. of Employees,Notice-Processed,Processed-Effective,Notice-Completion
0,Contra Costa,David's Bridal,Layoff Permanent,29,69 days,61 days,130 days
1,Fresno,David's Bridal,Layoff Permanent,31,69 days,61 days,130 days
2,Placer,David's Bridal,Layoff Permanent,47,69 days,61 days,130 days
3,San Diego,David's Bridal,Layoff Permanent,29,69 days,61 days,130 days
4,San Diego,David's Bridal,Layoff Permanent,35,69 days,61 days,130 days
5,Los Angeles,David's Bridal,Layoff Permanent,35,69 days,61 days,130 days
6,Kern,David's Bridal,Layoff Permanent,27,71 days,59 days,130 days
7,Los Angeles,D' Addario Woodwinds,Closure Permanent,1,28 days,33 days,61 days
8,Santa Clara,David's Bridal,Layoff Permanent,38,71 days,59 days,130 days
9,Stanislaus,Nestle,Layoff Temporary,75,28 days,33 days,61 days
10,Los Angeles,"Sodexo, Inc.",Layoff Permanent,68,29 days,29 days,58 days
11,San Francisco,Primary Health,Layoff Permanent,60,30 days,30 days,0 days
12,Los Angeles,Los Angeles Times Communications,Layoff Permanent,57,29 days,39 days,68 days
13,Los Angeles,Los Angeles Times Communications,Layoff Permanent,15,29 days,39 days,68 days
14,Santa Clara,Microsoft,Layoff Permanent,2,32 days,28 days,60 days
15,Los Angeles,D' Addario Woodwinds,Layoff Permanent,4,3 days,60 days,63 days
16,Los Angeles,Henry Mayo Newhall Hospital,Layoff Permanent,107,28 days,33 days,61 days
17,San Mateo,Sumo Logic,Layoff Permanent,79,33 days,32 days,1 days
18,Orange,Monte Nido & Affiliates,Closure Permanent,6,27 days,10 days,17 days
19,Santa Clara,Intel Corporation,Layoff Permanent,78,36 days,41 days,5 days
20,Riverside,Tropitone Furniture Company,Closure Permanent,3,26 days,52 days,78 days
21,Riverside,Tropitone Furniture Company,Closure Permanent,3,26 days,143 days,169 days
22,Riverside,Tropitone Furniture Company,Closure Permanent,2,26 days,173 days,199 days
23,Sacramento,Solidigm,Layoff Permanent,98,26 days,35 days,61 days
24,San Bernardino,MasterBrand Cabinets LLC,Layoff Permanent,90,26 days,36 days,62 days
25,Sonoma,Rieke LLC,Closure Permanent,49,25 days,36 days,61 days
26,Sonoma,Rieke LLC,Closure Permanent,21,25 days,105 days,130 days
27,Orange,T. Hasegawa U.S.A.,Closure Permanent,13,29 days,34 days,63 days
28,San Diego,Front Porch Communities and Services,Closure Permanent,185,29 days,32 days,61 days
29,San Mateo,Robinhood Markets,Layoff Permanent,23,14 days,50 days,64 days
30,San Bernardino,FabFitFun Fulfillment Center,Layoff Permanent,63,24 days,37 days,61 days
31,San Joaquin,Jabil Inc.,Closure Temporary,53,27 days,43 days,70 days
32,Alameda,Boston Scientific Corporation,Closure Permanent,52,35 days,25 days,60 days
33,Fresno,GAP,Layoff Permanent,2,47 days,47 days,0 days
34,Los Angeles,Spotify,Layoff Permanent,68,39 days,18 days,57 days
35,San Mateo,Amgen,Closure Permanent,4,34 days,46 days,80 days
36,San Francisco,GAP,Layoff Permanent,31,47 days,47 days,0 days
37,San Francisco,GAP,Layoff Permanent,1,47 days,47 days,0 days
38,Placer,Xcite Steps,Closure Permanent,96,29 days,33 days,62 days
39,San Diego,Xcite Steps,Closure Permanent,99,29 days,33 days,62 days
40,San Francisco,Anchor Brewing Company,Closure Permanent,55,7 days,13 days,20 days
41,Los Angeles,Monocle,Closure Permanent,3,30 days,20 days,10 days
42,San Bernardino,Prolific Logistics LLC,Closure Permanent,136,42 days,42 days,84 days
43,San Francisco,Anaplan,Layoff Permanent,14,29 days,22 days,7 days
44,San Francisco,Anaplan,Layoff Permanent,1,29 days,1 days,30 days
45,San Francisco,Anaplan,Layoff Permanent,100,29 days,32 days,61 days
46,San Francisco,Anaplan,Layoff Permanent,2,29 days,63 days,92 days
47,San Francisco,Anaplan,Layoff Permanent,2,29 days,82 days,111 days
48,Santa Clara,LinkedIn,Layoff Permanent,102,33 days,45 days,12 days
49,Santa Clara,LinkedIn,Layoff Permanent,13,33 days,45 days,12 days
50,San Francisco,LinkedIn,Layoff Permanent,72,33 days,45 days,12 days
51,San Francisco,Wells Fargo,Layoff Permanent,32,13 days,13 days,0 days
52,San Francisco,Wells Fargo,Layoff Permanent,10,13 days,13 days,0 days
53,San Francisco,Wells Fargo,Layoff Permanent,1,13 days,13 days,0 days
54,San Francisco,Wells Fargo,Layoff Permanent,8,13 days,13 days,0 days
55,Alameda,AMP Printing,Closure Permanent,35,48 days,12 days,60 days
56,Los Angeles,Cotton On La Mirada Distribution Center,Closure Permanent,88,88 days,25 days,63 days
57,San Diego,Amentum at NAS,Layoff Permanent,73,64 days,5 days,69 days
58,Alameda,Jabil Inc.,Layoff Permanent,85,34 days,27 days,61 days
59,Alameda,Jabil Inc.,Layoff Permanent,28,34 days,27 days,61 days
60,Alameda,Individualized ABA Services for Families,Closure Permanent,65,35 days,21 days,56 days
61,Alameda,Amyris,Layoff Permanent,65,30 days,30 days,60 days
62,Orange,Lazy Dog Restaurant and Bar,Closure Permanent,109,33 days,28 days,61 days
63,Orange,TTM Technologies,Closure Permanent,102,29 days,36 days,65 days
64,Los Angeles,Headspace,Layoff Permanent,158,28 days,24 days,4 days
65,Los Angeles,Scenario-Cockram USA,Layoff Permanent,43,29 days,35 days,64 days
66,Los Angeles,Scenario-Cockram USA,Layoff Permanent,10,29 days,92 days,121 days
67,San Mateo,Proterra Operating Company,Layoff Permanent,48,30 days,1 days,31 days
68,San Diego,RSN Co.,Closure Permanent,5,29 days,2 days,31 days
69,San Francisco,Ginger.io,Layoff Permanent,19,28 days,24 days,4 days
70,Alameda,Active Wellness,Layoff Permanent,80,29 days,34 days,63 days
71,San Diego,Comprehensive Autism Center,Closure Permanent,9,29 days,64 days,93 days
72,Alameda,Thermo Fisher Scientific,Layoff Permanent,38,39 days,22 days,61 days
73,San Mateo,Thermo Fisher Scientific,Layoff Permanent,64,39 days,22 days,61 days
74,Tulare,Gillette Citrus,Layoff Permanent,93,39 days,31 days,70 days
75,San Diego,Thermo Fisher Scientific,Layoff Permanent,66,34 days,25 days,59 days
76,San Diego,Thermo Fisher Scientific,Layoff Permanent,5,34 days,25 days,59 days
77,San Diego,Thermo Fisher Scientific,Layoff Permanent,27,34 days,25 days,59 days
78,San Diego,Thermo Fisher Scientific,Layoff Permanent,6,41 days,20 days,61 days
79,San Diego,Thermo Fisher Scientific,Layoff Permanent,2,41 days,20 days,61 days
80,San Diego,Surgalign Spine Technologies,Closure Permanent,99,41 days,19 days,60 days
81,San Joaquin,Circle C Ranch,Layoff Permanent,14,48 days,33 days,15 days
82,Los Angeles,Tattooed Chef,Closure Permanent,20,35 days,25 days,60 days
83,Santa Clara,G&C Staffing,Layoff Permanent,54,34 days,34 days,0 days
84,Los Angeles,"Niantic, Inc.",Closure Permanent,107,37 days,34 days,3 days
85,San Francisco,"Niantic, Inc.",Layoff Permanent,57,37 days,34 days,3 days
86,Sacramento,Hyatt Centric,Layoff Temporary,111,35 days,28 days,63 days
87,San Bernardino,"GXO Logistics Supply Chain, Inc.",Closure Permanent,61,35 days,27 days,62 days
88,Solano,Valiant Integrated Services,Layoff Permanent,137,41 days,24 days,65 days
89,San Francisco,Crunchbase,Layoff Permanent,63,33 days,27 days,60 days
90,Alameda,"Perfect Day, Inc.",Layoff Permanent,75,34 days,26 days,60 days
91,Los Angeles,Hyperloop,Layoff Permanent,3,34 days,40 days,6 days
92,Los Angeles,Accesso,Layoff Permanent,111,31 days,16 days,47 days
93,San Bernardino,NRI USA,Closure Permanent,164,41 days,52 days,93 days
94,Contra Costa,Bank of the West,Layoff Permanent,203,31 days,36 days,67 days
95,Santa Clara,Microsoft,Layoff Permanent,40,31 days,29 days,60 days
96,San Francisco,Bank of the West,Layoff Permanent,45,31 days,36 days,67 days
97,Sacramento,Intel Corporation,Layoff Permanent,89,46 days,17 days,63 days
98,Santa Clara,Intel Corporation,Layoff Permanent,51,46 days,17 days,63 days
99,San Mateo,Alto Operations California,Closure Permanent,34,32 days,31 days,63 days
100,Orange,Yellow Corporation,Closure Permanent,94,14 days,16 days,2 days
101,San Diego,Illumina Inc,Layoff Permanent,75,33 days,1 days,32 days
102,Santa Clara,Intel Corporation,Layoff Permanent,67,48 days,15 days,63 days
103,Santa Clara,Intel Corporation,Layoff Permanent,5,48 days,15 days,63 days
104,Santa Clara,Intel Corporation,Layoff Permanent,98,48 days,15 days,63 days
105,Santa Clara,Intel Corporation,Layoff Permanent,5,48 days,15 days,63 days
106,Los Angeles,Cardinal Glass Industries,Closure Permanent,29,42 days,20 days,62 days
107,Riverside,Peloton Interactive Inc.,Closure Permanent,21,40 days,25 days,65 days
108,San Francisco,Tempo Automation Holdings,Closure Permanent,58,38 days,38 days,0 days
109,Santa Clara,SPT Microtechnologies USA,Closure Temporary,67,20 days,91 days,111 days
110,Contra Costa,Corteva Agriscience,Layoff Permanent,31,37 days,65 days,102 days
111,Santa Clara,"Fish Market Restaurants, Inc.",Closure Permanent,49,40 days,22 days,62 days
112,Santa Clara,"Fish Market Restaurants, Inc.",Closure Permanent,85,40 days,22 days,62 days
113,Santa Clara,"Fish Market Restaurants, Inc.",Closure Permanent,6,40 days,22 days,62 days
114,San Francisco,"FibroGen, Inc.",Layoff Permanent,104,37 days,23 days,60 days
115,Marin,Vionic Consumer Care Operations,Closure Permanent,6,35 days,25 days,60 days
116,Alameda,Accenture,Closure Permanent,100,38 days,74 days,112 days
117,Alameda,Accenture,Closure Permanent,140,38 days,74 days,112 days
118,Orange,Intense Lighting,Closure Permanent,90,35 days,32 days,67 days
119,Los Angeles,Blowfish,Closure Permanent,20,41 days,18 days,59 days
120,San Mateo,Charles River Laboratories,Closure Permanent,55,40 days,22 days,62 days
121,San Diego,Gemological Institute of America,Layoff Permanent,151,36 days,24 days,60 days
122,San Diego,Petco,Layoff Permanent,47,36 days,32 days,4 days
123,San Diego,Petco,Layoff Permanent,9,36 days,59 days,95 days
124,San Mateo,Codexis,Layoff Permanent,28,41 days,31 days,72 days
125,San Mateo,Codexis,Layoff Permanent,31,41 days,31 days,72 days
126,San Mateo,CSL Vifor,Layoff Permanent,85,9 days,56 days,65 days
127,Santa Clara,Headway Technologies,Layoff Permanent,2,41 days,23 days,64 days
128,Santa Clara,Headway Technologies,Layoff Permanent,59,41 days,23 days,64 days
129,Santa Clara,Headway Technologies,Layoff Permanent,2,41 days,23 days,64 days
130,Santa Clara,Headway Technologies,Layoff Permanent,24,41 days,23 days,64 days
131,Santa Clara,Headway Technologies,Layoff Permanent,3,41 days,23 days,64 days
132,San Diego,Langmuir Systems,Closure Permanent,16,35 days,31 days,66 days
133,Marin,Pizza Antica Mill Valley,Closure Permanent,43,35 days,23 days,58 days
134,Contra Costa,Alstom Mass Transit Corp.,Closure Permanent,41,35 days,28 days,63 days
135,Los Angeles,SP+ Corporation,Closure Permanent,84,35 days,30 days,65 days
136,San Diego,Tri-City Medical Center,Layoff Permanent,96,32 days,29 days,61 days
137,Los Angeles,Herbalife International of America,Layoff Permanent,12,40 days,23 days,63 days
138,Los Angeles,Alchemee,Closure Permanent,12,41 days,23 days,64 days
139,Los Angeles,Herbalife International of America,Layoff Permanent,26,40 days,23 days,63 days
140,Los Angeles,Herbalife International of America,Layoff Permanent,59,40 days,23 days,63 days
141,Fresno,Visalia Citrus Packing Group,Closure Permanent,34,42 days,23 days,65 days
142,Orange,Dabico Airport Solutions,Closure Permanent,25,69 days,6 days,63 days
143,Tulare,Visalia Citrus Packing Group,Closure Permanent,31,42 days,23 days,65 days
144,San Diego,Mercy Medical Transportation,Layoff Permanent,58,38 days,22 days,60 days
145,San Francisco,Planet Labs PBC,Layoff Permanent,85,38 days,24 days,62 days
146,Glenn,Johns Manville,Closure Temporary,54,52 days,14 days,66 days
147,San Francisco,ContextLogic Inc.,Layoff Permanent,152,41 days,19 days,60 days
148,Santa Clara,Cisco Systems,Layoff Permanent,123,57 days,34 days,91 days
149,Santa Clara,Cisco Systems,Layoff Permanent,227,57 days,34 days,91 days
150,Los Angeles,Company 3 Method,Layoff Temporary,19,40 days,18 days,58 days
151,San Luis Obispo,Beyond Hello CA,Closure Permanent,2,40 days,5 days,35 days
152,Sonoma,ATI Restoration,Closure Permanent,18,41 days,23 days,64 days
153,Contra Costa,Rodan & Fields,Layoff Permanent,76,30 days,30 days,60 days
154,San Diego,L3 Technologies,Closure Permanent,134,36 days,64 days,100 days
155,Los Angeles,dnata US Inflight Catering,Layoff Permanent,1,34 days,57 days,91 days
156,Alameda,J.B. Hunt Transport,Closure Permanent,127,42 days,18 days,60 days
157,Orange,Ericsson Inc.,Layoff Permanent,76,49 days,14 days,63 days
158,Sacramento,Ericsson Inc.,Layoff Permanent,94,49 days,14 days,63 days
159,Alameda,Amyris,Layoff Permanent,62,42 days,41 days,1 days
160,Kern,United Road Services,Closure Permanent,4,40 days,25 days,65 days
161,Butte,Joy Signal Technology,Closure Permanent,127,7 days,38 days,31 days
162,Los Angeles,ImmunityBio,Layoff Permanent,48,32 days,28 days,60 days
163,Kern,Morrison Healthcare,Layoff Permanent,74,27 days,37 days,64 days
164,San Joaquin,Certified Freight Logistics,Closure Permanent,4,30 days,30 days,60 days
165,Santa Clara,"Wolfspeed, Inc.",Layoff Permanent,50,30 days,29 days,59 days
166,Santa Barbara,Certified Freight Logistics,Closure Permanent,150,30 days,30 days,60 days
167,San Mateo,Universal Protection Service,Layoff Permanent,9,57 days,21 days,36 days
168,San Mateo,Universal Protection Service,Layoff Permanent,13,57 days,21 days,36 days
169,San Mateo,Universal Protection Service,Layoff Permanent,3,57 days,21 days,36 days
170,San Mateo,Universal Protection Service,Layoff Permanent,12,57 days,21 days,36 days
171,Los Angeles,"MV Transportation, Inc.",Layoff Permanent,20,50 days,8 days,58 days
172,Contra Costa,REACH Medical Holdings,Closure Permanent,10,58 days,5 days,63 days
173,Santa Clara,TTM Technologies,Closure Permanent,240,45 days,21 days,66 days
174,Santa Clara,Clari,Layoff Permanent,139,42 days,20 days,62 days
175,Riverside,REACH Medical Holdings,Closure Permanent,13,58 days,5 days,63 days
176,Alameda,BlackLine Systems,Layoff Permanent,21,35 days,25 days,60 days
177,Los Angeles,The Vons Companies,Closure Permanent,53,43 days,11 days,32 days
178,Los Angeles,BlackLine Systems,Layoff Permanent,95,35 days,25 days,60 days
179,San Mateo,Robinhood Markets,Layoff Permanent,2,41 days,19 days,60 days
180,San Mateo,Robinhood Markets,Layoff Permanent,1,7 days,54 days,61 days
181,Orange,Burke Williams,Closure Temporary,110,40 days,46 days,6 days
182,San Bernardino,KeHE Distributors,Layoff Permanent,80,35 days,37 days,72 days
183,San Diego,Natural Alternatives International,Closure Temporary,44,42 days,4 days,46 days
184,San Diego,Natural Alternatives International,Closure Temporary,22,42 days,4 days,46 days
185,Los Angeles,Farmers Insurance Exchange,Layoff Permanent,2,31 days,32 days,63 days
186,Los Angeles,"Farmers Group, Inc.",Layoff Permanent,64,31 days,32 days,63 days
187,Los Angeles,"Farmers Group, Inc.",Layoff Permanent,3,31 days,60 days,91 days
188,Los Angeles,"Farmers Group, Inc.",Layoff Permanent,1,31 days,61 days,92 days
189,Orange,DazPak Flexible Packaging,Closure Permanent,19,45 days,17 days,62 days
190,Riverside,Legacy Supply Chain Services,Closure Permanent,39,31 days,31 days,62 days
191,Riverside,Legacy Supply Chain Services,Closure Permanent,14,31 days,31 days,62 days
192,Sacramento,Intel Corporation,Layoff Permanent,58,34 days,17 days,51 days
193,San Francisco,Juul Labs,Layoff Permanent,26,35 days,20 days,15 days
194,San Francisco,JUUL Labs,Layoff Permanent,3,35 days,94 days,129 days
195,San Francisco,JUUL Labs,Layoff Permanent,1,35 days,78 days,113 days
196,Los Angeles,Del Friscos Grille,Closure Permanent,53,30 days,32 days,62 days
197,Orange,Kraft Heinz Foods Company,Closure Permanent,60,29 days,32 days,61 days
198,San Luis Obispo,Splash Cafe,Closure Permanent,29,31 days,32 days,63 days
199,Los Angeles,"PLI Holdings, Inc.",Closure Permanent,217,31 days,43 days,74 days
200,Los Angeles,Peloton Interactive Inc.,Closure Permanent,3,32 days,30 days,62 days
201,Orange,FUJIFILM Irvine Scientific,Layoff Permanent,6,61 days,4 days,65 days
202,Riverside,Kings Garden,Layoff Permanent,59,54 days,4 days,58 days
203,Riverside,Kings Garden,Layoff Permanent,4,54 days,4 days,58 days
204,Riverside,Kings Garden,Layoff Permanent,3,54 days,4 days,58 days
205,Riverside,Kings Garden,Layoff Permanent,4,54 days,4 days,58 days
206,Orange,FUJIFILM Irvine Scientific,Layoff Permanent,18,61 days,4 days,65 days
207,Orange,FUJIFILM Irvine Scientific,Layoff Permanent,1,61 days,4 days,65 days
208,Orange,FUJIFILM Irvine Scientific,Layoff Permanent,7,61 days,4 days,65 days
209,Orange,FUJIFILM Irvine Scientific,Layoff Permanent,2,61 days,4 days,65 days
210,Orange,FUJIFILM Irvine Scientific,Layoff Permanent,11,61 days,4 days,65 days
211,Orange,FUJIFILM Irvine Scientific,Layoff Permanent,12,61 days,4 days,65 days
212,Tulare,Sonoco,Closure Permanent,292,31 days,30 days,61 days
213,Los Angeles,Kaiser Foundation Hospitals,Layoff Permanent,8,21 days,38 days,59 days
214,Los Angeles,Boardriders Wholesale,Layoff Permanent,1,32 days,32 days,0 days
215,Orange,Boardriders Wholesale,Layoff Permanent,57,32 days,32 days,0 days
216,Orange,Boardriders Wholesale,Layoff Permanent,3,32 days,19 days,13 days
217,Orange,Boardriders Wholesale,Layoff Permanent,12,32 days,10 days,42 days
218,Orange,Boardriders Wholesale,Layoff Permanent,10,32 days,32 days,0 days
219,Riverside,Boardriders Wholesale,Layoff Permanent,1,32 days,32 days,0 days
220,San Diego,Coronado Brewing Company,Closure Permanent,27,25 days,35 days,60 days
221,Kern,California Resources Corporation,Layoff Permanent,26,37 days,37 days,0 days
222,Kern,California Resources Corporation,Layoff Permanent,1,37 days,37 days,0 days
223,Kern,California Resources Corporation,Layoff Permanent,4,37 days,37 days,0 days
224,Kern,California Resources Corporation,Layoff Permanent,1,37 days,37 days,0 days
225,Kern,California Resources Corporation,Layoff Permanent,25,37 days,37 days,0 days
226,Kern,California Resources Corporation,Layoff Permanent,2,37 days,37 days,0 days
227,Kern,California Resources Corporation,Layoff Permanent,1,37 days,37 days,0 days
228,Kern,California Resources Corporation,Layoff Permanent,1,37 days,37 days,0 days
229,Sacramento,Jensen Enterprises Inc,Closure Permanent,40,33 days,88 days,121 days
230,Sacramento,Foundation for California Community Colleges,Layoff Permanent,298,5 days,86 days,91 days
231,San Diego,AppFolio,Layoff Permanent,13,48 days,12 days,60 days
232,Santa Barbara,AppFolio,Layoff Permanent,98,48 days,12 days,60 days
233,Los Angeles,West Coast Industries,Closure Permanent,53,30 days,30 days,60 days
234,Los Angeles,West Coast Industries,Closure Permanent,4,30 days,56 days,86 days
235,Alameda,Astra Space Operations,Layoff Permanent,58,65 days,8 days,57 days
236,Santa Clara,Newark Group,Closure Permanent,74,35 days,35 days,70 days
237,Santa Clara,ChargePoint,Layoff Permanent,79,35 days,26 days,61 days
238,Alameda,Zymergen Inc.,Layoff Permanent,7,37 days,19 days,56 days
239,Alameda,Jabil Inc.,Layoff Permanent,140,32 days,28 days,60 days
240,Santa Clara,Safeway,Closure Permanent,38,37 days,21 days,58 days
241,San Joaquin,Jabil Inc.,Closure Temporary,51,24 days,73 days,97 days
242,Fresno,Sunrun Inc.,Layoff Permanent,22,76 days,15 days,61 days
243,Yolo,LEER Group,Closure Permanent,27,35 days,27 days,62 days
244,San Bernardino,Nobel House Home Furnishings,Closure Permanent,61,37 days,13 days,50 days
245,San Francisco,Divvy Homes,Layoff Permanent,95,41 days,20 days,61 days
246,Santa Clara,Bamboo Group Operations,Closure Permanent,40,35 days,26 days,61 days
247,Orange,B. Braun Medical Inc.,Layoff Permanent,70,35 days,25 days,60 days
248,Riverside,Container Connection,Layoff Permanent,64,35 days,34 days,69 days
249,San Francisco,Airtable,Layoff Permanent,99,35 days,34 days,1 days
250,Orange,Pacific Coast Sightseeing Tours & Charters,Layoff Permanent,68,36 days,24 days,60 days
251,Los Angeles,Federal Express Corporation,Closure Permanent,405,35 days,26 days,61 days
252,Los Angeles,Niagara Bottling,Layoff Permanent,111,35 days,26 days,61 days
253,Los Angeles,Shaw Industries Group,Closure Permanent,283,31 days,31 days,62 days
254,San Bernardino,"Phillips Tool & Die, Inc",Closure Permanent,7,36 days,53 days,89 days
255,Alameda,Bloom Energy Corporation,Layoff Permanent,34,37 days,37 days,0 days
256,Alameda,Bloom Energy Corporation,Layoff Permanent,1,37 days,37 days,0 days
257,Los Angeles,City National Bank,Layoff Permanent,34,40 days,23 days,63 days
258,Los Angeles,City National Bank,Layoff Permanent,35,40 days,23 days,63 days
259,Los Angeles,City National Bank,Layoff Permanent,2,40 days,23 days,63 days
260,Los Angeles,Cacique Foods,Closure Permanent,203,34 days,34 days,0 days
261,Los Angeles,Cacique Foods,Closure Permanent,22,34 days,34 days,0 days
262,Santa Clara,Bloom Energy Corporation,Layoff Permanent,12,37 days,37 days,0 days
263,San Diego,Cummins Meritor,Layoff Permanent,15,35 days,69 days,104 days
264,San Diego,Cummins Meritor,Layoff Permanent,1,35 days,69 days,104 days
265,Alameda,Jabil Inc.,Layoff Temporary,138,33 days,60 days,93 days
266,Contra Costa,Peloton Interactive Inc.,Closure Permanent,6,33 days,100 days,133 days
267,Kern,Dreyer's Grand Ice Cream,Layoff Temporary,1015,34 days,26 days,60 days
268,Kern,Dreyer's Grand Ice Cream,Layoff Temporary,1015,34 days,52 days,86 days
269,Santa Clara,Roku,Layoff Permanent,135,33 days,27 days,60 days
270,Tulare,Dreyer's Grand Ice Cream,Layoff Temporary,306,34 days,48 days,82 days
271,Contra Costa,BMO Bank,Layoff Permanent,200,36 days,44 days,80 days
272,San Bernardino,Distribution Alternatives,Closure Permanent,15,35 days,26 days,61 days
273,San Francisco,BMO Bank,Layoff Permanent,28,36 days,44 days,80 days
274,Santa Clara,Jabil Inc.,Closure Temporary,550,34 days,61 days,95 days
275,Santa Clara,Jabil Inc.,Closure Temporary,84,34 days,61 days,95 days
276,Orange,FM Restaurants HQ,Closure Permanent,39,27 days,35 days,62 days
277,Riverside,Stir Foods,Closure Permanent,87,24 days,36 days,60 days
278,Los Angeles,SCAT Enterprises,Closure Permanent,48,30 days,126 days,156 days
279,Napa,Terre du Soleil,Layoff Temporary,217,35 days,65 days,100 days
280,Alameda,PhenomeX Inc.,Layoff Permanent,46,30 days,30 days,0 days
281,Alameda,Bloom Energy Corporation,Layoff Permanent,6,29 days,29 days,0 days
282,Alameda,Bloom Energy Corporation,Layoff Permanent,1,29 days,29 days,0 days
283,Santa Clara,Hallcon Corporation,Layoff Permanent,65,34 days,60 days,94 days
284,Santa Clara,Bloom Energy Corporation,Layoff Permanent,8,29 days,29 days,0 days
285,Santa Clara,Bloom Energy Corporation,Layoff Permanent,3,29 days,29 days,0 days
286,Riverside,Kuubix Global,Closure Permanent,7,34 days,33 days,1 days
287,Santa Clara,Bloom Energy Corporation,Layoff Permanent,54,29 days,29 days,0 days
288,San Mateo,Gilead Sciences,Layoff Permanent,41,30 days,42 days,72 days
289,San Mateo,Gilead Sciences,Layoff Permanent,1,30 days,233 days,203 days
290,San Bernardino,Newell Brands Distribution,Closure Permanent,48,31 days,89 days,120 days
291,Alameda,Zymergen Inc.,Layoff Permanent,101,34 days,42 days,76 days
292,Los Angeles,Amware Fulfillment,Closure Permanent,83,33 days,35 days,68 days
293,Los Angeles,Amware Fulfillment,Closure Permanent,1,33 days,35 days,68 days
294,Santa Clara,Juniper Networks,Layoff Permanent,108,34 days,28 days,62 days
295,San Diego,"Performance Plastics, Inc.",Closure Permanent,77,33 days,28 days,61 days
296,Humboldt,Centerra Group,Layoff Permanent,6,90 days,39 days,51 days
297,Los Angeles,Centerra Group,Layoff Permanent,71,90 days,39 days,51 days
298,Los Angeles,Centerra Group,Layoff Permanent,1,90 days,39 days,51 days
299,Los Angeles,Centerra Group,Layoff Permanent,6,90 days,39 days,51 days
300,Alameda,Centerra Group,Layoff Permanent,21,90 days,39 days,51 days
301,San Diego,Centerra Group,Layoff Permanent,67,90 days,39 days,51 days
302,San Diego,Centerra Group,Layoff Permanent,1,90 days,39 days,51 days
303,San Diego,Centerra Group,Layoff Permanent,1,90 days,39 days,51 days
304,San Diego,Centerra Group,Layoff Permanent,1,90 days,39 days,51 days
305,San Diego,Centerra Group,Layoff Permanent,3,90 days,39 days,51 days
306,San Francisco,Centerra Group,Layoff Permanent,61,90 days,39 days,51 days
307,San Francisco,Centerra Group,Layoff Permanent,1,90 days,39 days,51 days
308,Santa Clara,Centerra Group,Layoff Permanent,17,90 days,39 days,51 days
309,Contra Costa,Target,Closure Permanent,106,44 days,51 days,95 days
310,Los Angeles,Shift Technologies,Closure Permanent,38,34 days,34 days,0 days
311,Alameda,Shift Technologies,Closure Permanent,40,34 days,34 days,0 days
312,Alameda,Target,Closure Permanent,69,44 days,51 days,95 days
313,San Francisco,Target,Closure Permanent,63,44 days,51 days,95 days
314,Los Angeles,Centerra Group,Layoff Permanent,10,95 days,44 days,51 days
315,Kern,Centerra Group,Layoff Permanent,7,95 days,44 days,51 days
316,Los Angeles,Centerra Group,Layoff Permanent,5,95 days,44 days,51 days
317,Los Angeles,Centerra Group,Layoff Permanent,3,95 days,44 days,51 days
318,Shasta,Centerra Group,Layoff Permanent,3,95 days,44 days,51 days
319,Riverside,Centerra Group,Layoff Permanent,19,95 days,44 days,51 days
320,Orange,Centerra Group,Layoff Permanent,18,95 days,44 days,51 days
321,Santa Barbara,Centerra Group,Layoff Permanent,4,95 days,44 days,51 days
322,Stanislaus,Centerra Group,Layoff Permanent,3,95 days,44 days,51 days
323,Los Angeles,Southern Counties Express,Layoff Permanent,43,62 days,3 days,65 days
324,Los Angeles,Palmdale Regional Medical Center,Closure Permanent,87,33 days,27 days,60 days
325,San Diego,Ajinomoto Foods North America,Layoff Temporary,538,33 days,31 days,64 days
326,San Francisco,LendingClub Bank,Layoff Permanent,54,33 days,32 days,1 days
327,San Francisco,LendingClub Bank,Layoff Permanent,3,33 days,13 days,20 days
328,San Francisco,LendingClub Bank,Layoff Permanent,7,33 days,11 days,22 days
329,San Francisco,LendingClub Bank,Layoff Permanent,25,33 days,3 days,36 days
330,San Francisco,LendingClub Bank,Layoff Permanent,1,33 days,21 days,54 days
331,Los Angeles,"Liminex, Inc.",Layoff Permanent,95,33 days,27 days,60 days
332,Contra Costa,USS-UPI,Closure Permanent,474,47 days,16 days,63 days
333,Fresno,Centerra Group,Layoff Permanent,28,97 days,46 days,51 days
334,Imperial,Centerra Group,Layoff Permanent,10,97 days,46 days,51 days
335,Mariposa,Centerra Group,Layoff Permanent,2,97 days,46 days,51 days
336,Orange,Sober Living by the Sea,Closure Permanent,65,35 days,25 days,60 days
337,Sacramento,Centerra Group,Layoff Permanent,33,97 days,46 days,51 days
338,San Diego,Central Admixture Pharmacy Services,Closure Permanent,99,34 days,26 days,60 days
339,San Francisco,Flexport,Layoff Permanent,134,33 days,33 days,0 days
340,Solano,William Kreysler & Associates,Layoff Permanent,87,34 days,30 days,64 days
341,Los Angeles,DreamWorks Animation,Layoff Permanent,72,41 days,46 days,87 days
342,Alameda,Amyris,Layoff Permanent,112,29 days,32 days,61 days
343,Orange,"MaxLite, Inc.",Closure Permanent,4,22 days,45 days,67 days
344,Los Angeles,First Financial Credit Union,Closure Permanent,3,23 days,43 days,66 days
345,Orange,Javier's Newport Beach,Closure Temporary,239,31 days,47 days,78 days
346,San Diego,ResMEd Inc.,Layoff Permanent,364,22 days,15 days,37 days
347,Orange,Capital One Financial,Closure Permanent,49,18 days,49 days,67 days
348,Ventura,Sunrise Growers Inc.,Closure Permanent,34,18 days,43 days,61 days
349,Alameda,TCWGlobal,Closure Permanent,88,33 days,56 days,89 days
350,Santa Clara,Surefox North America Inc,Layoff Permanent,126,35 days,28 days,63 days
351,Santa Clara,Surefox North America Inc,Layoff Permanent,193,35 days,28 days,63 days
352,Santa Clara,Surefox North America Inc,Layoff Permanent,57,35 days,28 days,63 days
353,Santa Clara,Surefox North America Inc,Layoff Permanent,10,35 days,28 days,63 days
354,Sacramento,Arden Hills Country Club,Closure Permanent,33,38 days,41 days,79 days
355,Santa Cruz,Kitayama Brothers,Closure Permanent,56,28 days,33 days,61 days
356,San Mateo,"Exabeam, Inc.",Layoff Permanent,94,28 days,40 days,68 days
357,Santa Clara,Qualcomm Incorporated,Layoff Permanent,189,42 days,21 days,63 days
358,Santa Clara,Qualcomm Incorporated,Layoff Permanent,1,42 days,21 days,63 days
359,Santa Clara,Qualcomm Incorporated,Layoff Permanent,1,42 days,21 days,63 days
360,Santa Clara,Qualcomm Incorporated,Layoff Permanent,1,42 days,21 days,63 days
361,Santa Clara,Qualcomm Incorporated,Layoff Permanent,1,42 days,21 days,63 days
362,Santa Clara,Qualcomm Incorporated,Layoff Permanent,1,42 days,21 days,63 days
363,San Diego,Qualcomm Incorporated,Layoff Permanent,1064,42 days,21 days,63 days
364,Los Angeles,Fashion Institute of Design & Merchandising,Layoff Permanent,322,32 days,33 days,65 days
365,Santa Clara,Momentum for Health,Closure Permanent,84,31 days,34 days,65 days
366,Santa Clara,Momentum for Health,Closure Permanent,1,31 days,34 days,65 days
367,Santa Clara,Momentum for Health,Closure Permanent,1,31 days,34 days,65 days
368,Ventura,Ojai Valley Inn,Closure Temporary,870,40 days,36 days,76 days
369,Riverside,Family YMCA,Layoffs Unknown,85,27 days,33 days,60 days
370,San Diego,Locanabio,Closure Permanent,58,27 days,33 days,60 days
371,San Diego,The Hotel del Coronado,Layoff Temporary,10,27 days,37 days,64 days
372,San Diego,The Hotel del Coronado,Layoff Temporary,82,27 days,38 days,65 days
373,San Diego,The Hotel del Coronado,Layoff Temporary,43,27 days,40 days,67 days
374,San Diego,The Hotel del Coronado,Layoff Temporary,6,27 days,44 days,71 days
375,San Diego,The Hotel del Coronado,Layoff Temporary,56,27 days,55 days,82 days
376,Sonoma,Miyoko's PBC,Layoff Permanent,33,27 days,37 days,64 days
377,Los Angeles,Elevance Health,Layoff Permanent,87,30 days,121 days,151 days
378,Sacramento,Solidigm,Layoff Permanent,172,35 days,30 days,65 days
379,San Bernardino,St. John of God Health Care Services,Layoff Permanent,27,30 days,32 days,62 days
380,San Diego,Alvarado Hospital,Layoff Permanent,808,49 days,32 days,81 days
381,Contra Costa,John Muir Health (JMH),Layoff Permanent,164,37 days,29 days,66 days
382,Santa Clara,Command Security Service,Layoff Permanent,33,27 days,19 days,46 days
383,San Diego,"Becton, Dickinson and Company",Layoff Permanent,27,57 days,50 days,7 days
384,Stanislaus,Nestle,Layoff Temporary,86,36 days,25 days,61 days
385,Kern,Cygnus Home Service,Closure Permanent,13,53 days,42 days,11 days
386,Los Angeles,Vertical Supply Group,Closure Permanent,7,32 days,30 days,62 days
387,Butte,Yelloh,Closure Permanent,7,53 days,42 days,11 days
388,Butte,Yelloh,Closure Permanent,11,53 days,42 days,11 days
389,Riverside,Cygnus Home Service,Closure Permanent,3,53 days,42 days,11 days
390,Sacramento,Cygnus Home Service,Closure Permanent,7,53 days,42 days,11 days
391,San Joaquin,Cygnus Home Service,Closure Permanent,16,53 days,42 days,11 days
392,Sonoma,Cygnus Home Service,Closure Permanent,9,53 days,42 days,11 days
393,Alameda,Bloom Energy Corporation,Layoff Permanent,47,37 days,37 days,0 days
394,Alameda,Bloom Energy Corporation,Layoff Permanent,1,37 days,37 days,0 days
395,Santa Clara,Bloom Energy Corporation,Layoff Permanent,13,37 days,37 days,0 days
396,San Diego,San Diego Imaging Management,Layoff Permanent,52,34 days,27 days,61 days
397,Orange,"PWLC I, Inc.",Layoff Permanent,60,36 days,24 days,60 days
398,San Diego,"Viasat, Inc",Layoff Permanent,228,34 days,28 days,62 days
399,San Francisco,Amazon,Layoff Permanent,57,33 days,42 days,75 days
400,Santa Clara,"Viasat, Inc",Layoff Permanent,11,34 days,28 days,62 days
401,Los Angeles,Amazon,Closure Permanent,114,33 days,28 days,61 days
402,San Mateo,Informatica,Layoff Permanent,90,35 days,25 days,60 days
403,San Mateo,Sangamo Therapeutics,Closure Permanent,65,35 days,27 days,62 days
404,San Mateo,Sangamo Therapeutics,Layoff Permanent,37,35 days,27 days,62 days
405,Orange,FM Restaurants HQ,Closure Permanent,42,30 days,30 days,60 days
406,San Diego,Alvarado Hospital,Closure Permanent,6,35 days,25 days,60 days
407,San Francisco,Faire Wholesale,Layoff Permanent,70,36 days,35 days,1 days
408,Los Angeles,Organic Milling,Layoff Permanent,7,36 days,36 days,0 days
409,Los Angeles,Daiso Distribution Center,Closure Permanent,74,35 days,145 days,180 days
410,Santa Clara,Flex LTD,Layoff Permanent,31,30 days,30 days,60 days
411,San Francisco,Nextdoor,Layoff Permanent,99,30 days,28 days,2 days
412,San Francisco,ForgeRock,Layoff Permanent,4,30 days,55 days,25 days
413,San Francisco,ForgeRock,Layoff Permanent,73,30 days,31 days,61 days
414,San Francisco,ForgeRock,Layoff Permanent,3,30 days,55 days,85 days
415,San Francisco,ForgeRock,Layoff Permanent,3,30 days,56 days,86 days
416,San Francisco,ForgeRock,Layoff Permanent,1,30 days,84 days,114 days
417,San Francisco,ForgeRock,Layoff Permanent,1,30 days,115 days,145 days
418,San Francisco,ForgeRock,Layoff Permanent,2,30 days,206 days,236 days
419,San Francisco,ForgeRock,Layoff Permanent,1,30 days,7 days,23 days
420,San Francisco,ForgeRock,Layoff Permanent,1,30 days,3 days,33 days
421,San Francisco,ForgeRock,Layoff Permanent,2,30 days,176 days,206 days
422,San Francisco,ForgeRock,Layoff Permanent,6,30 days,207 days,237 days
423,San Francisco,Charles Schwab & Co.,Layoff Permanent,155,31 days,29 days,60 days
424,Contra Costa,Pac-12,Layoff Permanent,141,38 days,25 days,63 days
425,San Francisco,St James Infirmary,Closure Permanent,71,39 days,21 days,60 days
426,Santa Clara,Analog Devices,Layoff Permanent,109,38 days,32 days,70 days
427,Santa Clara,Analog Devices,Layoff Permanent,1,38 days,32 days,70 days
428,Santa Clara,Analog Devices,Layoff Permanent,1,38 days,32 days,70 days
429,Sacramento,Intel Corporation,Layoff Permanent,235,39 days,19 days,58 days
430,Placer,"Oracle America, Inc.",Layoff Permanent,65,30 days,30 days,60 days
431,San Bernardino,Global Expedited Transportation,Closure Permanent,51,35 days,33 days,68 days
432,San Diego,Acutus Medical,Layoff Permanent,140,35 days,25 days,60 days
433,San Diego,Acutus Medical,Layoff Permanent,7,35 days,55 days,90 days
434,San Francisco,Splunk Inc.,Layoff Permanent,93,42 days,5 days,47 days
435,Santa Clara,Splunk Inc.,Layoff Permanent,83,42 days,5 days,47 days
436,Santa Clara,Accenture,Layoff Permanent,87,34 days,26 days,60 days
437,Santa Cruz,The Apothecarium,Closure Permanent,7,30 days,30 days,60 days
438,Ventura,Atara Biotherapeutics,Layoff Permanent,72,42 days,18 days,60 days
439,Ventura,Atara Biotherapeutics,Layoff Permanent,1,42 days,18 days,60 days
440,Merced,"TVT Trucking, Inc",Closure Permanent,142,43 days,18 days,61 days
441,Santa Clara,"Marvell Semiconductor, Inc.",Layoff Permanent,58,29 days,33 days,62 days
442,Orange,"Marvell Semiconductor, Inc.",Layoff Permanent,7,29 days,33 days,62 days
443,San Bernardino,Distribution Alternatives,Closure Permanent,23,35 days,25 days,60 days
444,Los Angeles,AHMC San Gabriel Valley Medical Center,Layoff Permanent,29,39 days,31 days,70 days
445,San Diego,TriLink Biotechnologies,Layoff Permanent,85,39 days,21 days,60 days
446,San Diego,TriLink Biotechnologies,Layoff Permanent,1,39 days,21 days,60 days
447,San Diego,TriLink Biotechnologies,Layoff Permanent,1,39 days,21 days,60 days
448,San Diego,TriLink Biotechnologies,Layoff Permanent,1,39 days,21 days,60 days
449,Kern,Virgin Galactic,Layoff Permanent,75,40 days,21 days,61 days
450,Kern,Virgin Galactic,Layoff Permanent,1,40 days,21 days,61 days
451,Kern,Virgin Galactic,Layoff Permanent,1,40 days,21 days,61 days
452,Kern,Virgin Galactic,Layoff Permanent,1,40 days,21 days,61 days
453,Santa Clara,Intel Corporation,Layoff Permanent,73,45 days,13 days,58 days
454,Santa Clara,Intel Corporation,Layoff Permanent,1,45 days,13 days,58 days
455,Santa Clara,Intel Corporation,Layoff Permanent,1,45 days,13 days,58 days
456,Santa Clara,Intel Corporation,Layoff Permanent,1,45 days,13 days,58 days
457,Santa Clara,Agilent Technologies,Layoff Permanent,32,39 days,39 days,78 days
458,San Diego,Agilent Technologies,Layoff Permanent,1,39 days,25 days,64 days
459,San Diego,Agilent Technologies,Layoff Permanent,3,39 days,39 days,78 days
460,San Joaquin,Owens-Brockway Glass Container,Layoff Temporary,130,39 days,21 days,60 days
461,San Mateo,Talis Biomedical Corporation,Closure Permanent,103,36 days,25 days,61 days
462,San Diego,"Fish Market Restaurants, Inc.",Closure Permanent,4,37 days,23 days,60 days
463,Santa Clara,Knox Attorney Service,Closure Permanent,85,35 days,26 days,61 days
464,Orange,NextGen Healthcare,Layoff Permanent,56,36 days,26 days,62 days
465,Orange,NextGen Healthcare,Layoff Permanent,2,36 days,42 days,78 days
466,Orange,NextGen Healthcare,Layoff Permanent,45,36 days,71 days,107 days
467,Orange,Western Digital,Layoff Permanent,57,36 days,29 days,65 days
468,Santa Clara,Renesas Electronics Corporation,Layoff Permanent,50,37 days,21 days,16 days
469,Santa Clara,Renesas Electronics Corporation,Layoff Permanent,15,37 days,21 days,16 days
470,Sonoma,Thermo Fisher Scientific,Layoff Permanent,74,37 days,41 days,78 days
471,Los Angeles,The Boeing Company,Layoff Permanent,68,49 days,23 days,72 days
472,Santa Clara,Western Digital,Layoff Permanent,60,42 days,23 days,65 days
473,Orange,Boeing Company,Layoff Permanent,2,49 days,23 days,72 days
474,Orange,Boeing Company,Layoff Permanent,1,49 days,23 days,72 days
475,Orange,The Boeing Company,Layoff Permanent,22,49 days,23 days,72 days
476,Los Angeles,The Boeing Company,Layoff Permanent,1,49 days,23 days,72 days
477,Los Angeles,Pennymac,Layoff Permanent,18,44 days,18 days,26 days
478,Placer,Pennymac,Layoff Permanent,2,44 days,18 days,62 days
479,Alameda,Blue Shield of California,Layoff Permanent,49,32 days,33 days,65 days
480,El Dorado,Blue Shield of California,Layoff Permanent,31,32 days,33 days,65 days
481,El Dorado,Blue Shield of California,Layoff Permanent,16,32 days,33 days,65 days
482,Los Angeles,Blue Shield of California,Layoff Permanent,19,32 days,33 days,65 days
483,Los Angeles,Blue Shield of California,Layoff Permanent,13,32 days,33 days,65 days
484,Sacramento,Blue Shield of California,Layoff Permanent,16,32 days,33 days,65 days
485,Sacramento,Blue Shield of California,Layoff Permanent,4,32 days,33 days,65 days
486,San Diego,Blue Shield of California,Layoff Permanent,3,32 days,33 days,65 days
487,San Joaquin,Blue Shield of California,Layoff Permanent,13,32 days,33 days,65 days
488,Shasta,Blue Shield of California,Layoff Permanent,1,32 days,33 days,65 days
489,Los Angeles,Pennymac,Layoff Permanent,51,44 days,18 days,62 days
490,Ventura,Pennymac,Layoff Permanent,4,44 days,18 days,62 days
491,Ventura,Pennymac,Layoff Permanent,10,44 days,27 days,17 days
492,Los Angeles,Bandier West Hollywood,Layoff Permanent,7,42 days,42 days,0 days
493,Los Angeles,Lance Camper Mfg. Corp,Layoff Permanent,123,44 days,19 days,63 days
494,Los Angeles,GE United Technologies,Closure Permanent,188,43 days,43 days,0 days
495,Los Angeles,EchoPark Automotive Long Beach,Closure Permanent,32,0 days,135 days,135 days
496,Santa Clara,Broadcom,Layoff Permanent,1267,37 days,23 days,60 days
497,Santa Clara,Lendlease Americas Inc.,Layoff Permanent,13,56 days,5 days,61 days
498,Santa Clara,Lendlease Americas Inc.,Layoff Permanent,16,56 days,5 days,61 days
499,Santa Clara,Lendlease Americas Inc.,Layoff Permanent,27,56 days,5 days,61 days
500,Orange,Boardriders Wholesale,Layoff Permanent,2,44 days,12 days,32 days
501,San Francisco,Lendlease Americas Inc.,Closure Permanent,1,56 days,5 days,61 days
502,Los Angeles,Kinecta Federal Credit Union,Layoff Permanent,85,58 days,58 days,0 days
503,Alameda,HMI,Closure Permanent,16,41 days,21 days,62 days
504,Los Angeles,Quality Fabrication Inc.,Closure Permanent,55,53 days,8 days,61 days
505,Ventura,Dairy Farmers of America,Closure Permanent,68,42 days,18 days,60 days
506,Orange,Vans HQ,Layoff Permanent,42,42 days,20 days,62 days
507,San Francisco,"Block, Inc.",Layoff Permanent,51,44 days,19 days,63 days
508,Alameda,Chart Inc.,Closure Permanent,8,44 days,48 days,92 days
509,Alameda,Personalis,Layoff Permanent,62,41 days,19 days,60 days
510,Alameda,Lonza Biologics,Closure Permanent,218,42 days,22 days,64 days
511,Shasta,Knauf Insulation Inc.,Layoff Temporary,97,50 days,18 days,68 days
512,Orange,Boardriders Wholesale,Layoff Permanent,9,36 days,37 days,1 days
513,Riverside,Boardriders Wholesale,Layoff Permanent,139,36 days,24 days,60 days
514,Napa,Crystal Geyser Water Company,Layoff Permanent,28,42 days,20 days,62 days
515,Sacramento,Matheson Inc,Closure Permanent,40,42 days,19 days,61 days
516,San Diego,C&E GP Specialists,Closure Permanent,16,32 days,7 days,25 days
517,Stanislaus,Ruan Transport Corporation,Closure Permanent,47,70 days,4 days,66 days
518,Tulare,Ruan Transport Corporation,Closure Permanent,92,70 days,4 days,66 days
519,Los Angeles,Dynaflex Prodcuts,Closure Permanent,14,64 days,73 days,137 days
520,Los Angeles,Eclipse Advantage,Closure Permanent,27,43 days,17 days,60 days
521,San Bernardino,Distribution Alternatives,Closure Permanent,1,61 days,1 days,60 days
522,Santa Clara,BILL Operations,Layoff Permanent,156,42 days,20 days,62 days
523,Santa Clara,BILL Operations,Layoff Permanent,156,42 days,20 days,62 days
524,Santa Clara,BILL Operations,Layoff Permanent,156,42 days,20 days,62 days
525,Yolo,Eclipse Advantage,Closure Permanent,11,43 days,17 days,60 days
526,Alameda,Amyris,Layoff Permanent,89,40 days,21 days,61 days
527,Los Angeles,Ace Hotel Group,Layoff Permanent,169,48 days,14 days,62 days
528,Los Angeles,Valley Processing,Closure Permanent,60,43 days,23 days,66 days
529,Los Angeles,VF Santa Fe Springs Distribution Center,Closure Permanent,207,40 days,37 days,77 days
530,Los Angeles,VF Santa Fe Springs Distribution Center,Closure Permanent,48,40 days,65 days,105 days
531,Los Angeles,E. J. Lauren,Closure Permanent,69,40 days,21 days,61 days
532,Los Angeles,SPS Ventures,Layoff Permanent,162,43 days,17 days,60 days
533,Santa Clara,Juniper Networks,Layoff Permanent,51,42 days,19 days,61 days
534,Orange,B. Braun Medical Inc.,Layoff Permanent,13,41 days,19 days,60 days
535,San Diego,Alsco,Closure Permanent,107,37 days,23 days,60 days
536,San Francisco,Spotify,Layoff Permanent,44,43 days,47 days,90 days
537,Tulare,Country Club Mortgage,Closure Permanent,28,40 days,20 days,60 days
538,Los Angeles,Age of Learning,Layoff Permanent,94,43 days,19 days,62 days
539,Yolo,QG Printing II,Closure Permanent,56,40 days,36 days,76 days
540,Alameda,Global Medical Response,Closure Permanent,84,49 days,14 days,63 days
541,Alameda,Lifelong Medical Care,Closure Permanent,55,36 days,29 days,65 days
542,Alameda,DePuy Synthes Products,Layoff Permanent,25,50 days,15 days,65 days
543,Kern,Ridgecrest Regional Hospital,Layoff Permanent,30,36 days,41 days,77 days
544,Monterey,Lowell Farms,Closure Permanent,11,36 days,23 days,59 days
545,San Mateo,"Carbon, Inc.",Layoff Permanent,60,37 days,28 days,65 days
546,San Bernardino,Quanex Homeshield,Closure Permanent,58,48 days,15 days,63 days
547,San Bernardino,AMQ Solutions,Closure Permanent,37,38 days,64 days,102 days
548,San Bernardino,Steelcase Inc.,Closure Permanent,40,38 days,64 days,102 days
549,San Diego,"TuSimple, Inc.",Layoff Permanent,95,45 days,14 days,59 days
550,San Francisco,Invitae Corporation,Layoff Permanent,238,36 days,25 days,61 days
551,Los Angeles,Kelly Toys Holding,Closure Permanent,8,35 days,35 days,0 days
552,San Mateo,Cruise LLC,Layoff Permanent,330,36 days,36 days,0 days
553,Santa Clara,LinkedIn,Layoff Permanent,349,35 days,35 days,0 days
554,Santa Clara,LinkedIn,Layoff Permanent,42,35 days,35 days,0 days
555,San Bernardino,Distribution Alternatives,Closure Permanent,1,32 days,28 days,60 days
556,San Francisco,LinkedIn,Layoff Permanent,42,35 days,35 days,0 days
557,Santa Barbara,LinkedIn,Layoff Permanent,5,35 days,35 days,0 days
558,Los Angeles,ACRT Pacific,Layoff Permanent,3,52 days,9 days,61 days
559,Los Angeles,ACRT Pacific,Layoff Permanent,7,52 days,9 days,61 days
560,San Bernardino,ACRT Pacific,Layoff Permanent,20,52 days,9 days,61 days
561,San Francisco,TIDAL,Layoff Permanent,1,48 days,14 days,62 days
562,Tulare,ACRT Pacific,Layoff Permanent,24,52 days,9 days,61 days
563,Los Angeles,Il Fornaio (America),Closure Permanent,54,39 days,9 days,30 days
564,Los Angeles,Z Gallerie,Layoff Permanent,15,42 days,8 days,50 days
565,Los Angeles,HMSHost,Closure Permanent,127,39 days,33 days,72 days
566,San Mateo,Pfizer,Layoff Permanent,52,39 days,20 days,59 days
567,Orange,ACRT Pacific,Layoff Permanent,4,53 days,8 days,61 days
568,Butte,Pizza Hut,Layoff Permanent,2,41 days,30 days,71 days
569,Santa Clara,BrightDrop,Layoff Permanent,6,40 days,40 days,0 days
570,San Diego,"NuVasive, Inc.",Layoff Permanent,157,21 days,41 days,62 days
571,San Francisco,Adidas America,Closure Permanent,28,22 days,38 days,60 days
572,Los Angeles,TMG Hotel,Closure Permanent,144,42 days,18 days,60 days
573,Los Angeles,NZXT,Closure Permanent,55,16 days,66 days,82 days
574,San Mateo,Trove Recommerce,Closure Permanent,60,35 days,36 days,71 days
575,San Mateo,Trove Recommerce,Closure Permanent,62,35 days,67 days,102 days
576,San Mateo,Trove Recommerce,Closure Permanent,2,35 days,97 days,132 days
577,Santa Clara,Cepheid,Layoff Permanent,83,42 days,18 days,60 days
578,Santa Clara,Cepheid,Layoff Permanent,1,42 days,18 days,60 days
579,Santa Clara,Cepheid,Layoff Permanent,1,42 days,18 days,60 days
580,Santa Clara,Cepheid,Layoff Permanent,1,42 days,18 days,60 days
581,Santa Clara,Cepheid,Layoff Permanent,1,42 days,18 days,60 days
582,Santa Clara,Cepheid,Layoff Permanent,1,42 days,18 days,60 days
583,Santa Clara,Cepheid,Layoff Permanent,1,42 days,18 days,60 days
584,Santa Clara,Cepheid,Layoff Permanent,1,42 days,18 days,60 days
585,Santa Clara,Cepheid,Layoff Permanent,1,42 days,18 days,60 days
586,Santa Clara,Cepheid,Layoff Permanent,1,42 days,18 days,60 days
587,Santa Clara,Google,Layoff Permanent,25,15 days,45 days,60 days
588,Orange,US Motor Works,Layoff Permanent,8,48 days,25 days,23 days
589,San Bernardino,Technical Consumer Products,Closure Permanent,11,20 days,127 days,147 days
590,San Diego,Curio Employer,Layoff Temporary,53,23 days,39 days,62 days
591,San Francisco,Unity Technologies,Layoff Permanent,120,16 days,43 days,59 days
592,Orange,Xerxes Corporation,Closure Permanent,106,23 days,18 days,5 days
593,Los Angeles,Los Angeles Times Communications,Closure Permanent,148,21 days,40 days,61 days
594,Los Angeles,Workforce Enterprises,Closure Permanent,93,35 days,25 days,60 days
595,San Diego,NEOTech,Closure Permanent,76,36 days,24 days,60 days
596,San Francisco,Discord,Layoff Permanent,160,15 days,7 days,22 days
597,San Francisco,"Twitch Interactive, Inc.",Layoff Permanent,218,16 days,66 days,82 days
598,Santa Clara,ChargePoint,Layoff Permanent,116,16 days,45 days,61 days
599,Stanislaus,Silgan Containers Manufacturing Corporation,Closure Permanent,64,23 days,65 days,88 days
600,Tulare,Visalia Times Delta,Layoff Permanent,24,16 days,45 days,61 days
601,Los Angeles,D' Addario Woodwinds,Layoff Permanent,7,19 days,46 days,65 days
602,Los Angeles,Amazon,Layoff Permanent,98,19 days,42 days,61 days
603,Los Angeles,Amazon,Layoff Permanent,2,19 days,42 days,61 days
604,Los Angeles,Amazon,Layoff Permanent,13,19 days,42 days,61 days
605,Orange,Bridge Staffing,Closure Permanent,115,24 days,36 days,60 days
606,Orange,Sega of America,Layoff Permanent,12,21 days,39 days,60 days
607,Orange,Sega of America,Layoff Permanent,49,21 days,39 days,60 days
608,Orange,Imperial Bag & Paper Co.,Closure Permanent,20,14 days,67 days,81 days
609,Riverside,Penske Logistics,Layoff Permanent,95,18 days,42 days,60 days
610,San Bernardino,TE Connectivity,Closure Permanent,61,40 days,25 days,65 days
611,San Diego,Apple,Layoff Permanent,121,18 days,88 days,106 days
612,San Diego,Walmart,Closure Permanent,125,17 days,81 days,98 days
613,San Diego,Walmart,Closure Permanent,232,17 days,81 days,98 days
614,Ventura,Atara Biotherapeutics,Layoff Permanent,1,21 days,39 days,60 days
615,Ventura,Atara Biotherapeutics,Layoff Permanent,43,21 days,39 days,60 days
616,San Mateo,Allakos,Layoff Permanent,59,14 days,12 days,2 days
617,Orange,Tower Semiconductor,Layoff Temporary,699,25 days,62 days,87 days
618,San Bernardino,Deliver-It,Closure Permanent,29,18 days,45 days,63 days
619,San Diego,Spencer Construction,Layoff Permanent,73,15 days,45 days,60 days
620,San Diego,Spencer Construction,Layoff Permanent,32,15 days,45 days,60 days
621,San Francisco,Safeway,Closure Permanent,111,26 days,337 days,363 days
622,Orange,Deliver-It,Closure Permanent,22,18 days,45 days,63 days
623,Ventura,Macy's,Closure Permanent,68,12 days,49 days,61 days
624,Los Angeles,Deliver-It,Closure Permanent,56,18 days,45 days,63 days
625,Los Angeles,Beauty & Essex,Closure Permanent,82,6 days,57 days,63 days
626,Los Angeles,TAO Group Hospitality,Layoff Permanent,10,6 days,57 days,63 days
627,Los Angeles,Covanta Projects,Closure Permanent,10,14 days,47 days,61 days
628,Los Angeles,Plenty Unlimited Inc.,Layoff Permanent,86,12 days,13 days,1 days
629,San Mateo,Plenty Unlimited Inc.,Layoff Permanent,55,12 days,13 days,1 days
630,Orange,South Coast Baking,Closure Permanent,85,7 days,58 days,65 days
631,Riverside,"FedEx Supply Chain, Inc.",Layoff Permanent,39,12 days,51 days,63 days
632,Alameda,Bechtel Infrastructure & Power Corporation,Closure Permanent,11,15 days,47 days,62 days
633,Orange,Bechtel Infrastructure & Power Corporation,Closure Permanent,64,15 days,47 days,62 days
634,San Bernardino,Bechtel Infrastructure & Power Corporation,Closure Permanent,3,15 days,47 days,62 days
635,San Bernardino,ABM General Services,Layoff Permanent,25,14 days,48 days,62 days
636,San Diego,Bechtel Infrastructure & Power Corporation,Closure Permanent,6,15 days,47 days,62 days
637,San Diego,LAVO Italian Restaurant,Closure Permanent,83,6 days,57 days,63 days
638,Los Angeles,National Distribution Centers,Layoffs Unknown,2,14 days,51 days,65 days
639,Los Angeles,National Distribution Centers,Layoffs Unknown,3,14 days,51 days,65 days
640,Los Angeles,National Distribution Centers,Layoffs Unknown,1,14 days,51 days,65 days
641,Los Angeles,National Distribution Centers,Layoffs Unknown,1,14 days,51 days,65 days
642,Ventura,Baxalta US,Layoff Permanent,5,14 days,30 days,16 days
643,Orange,"Berry Global, Inc.",Closure Permanent,160,13 days,52 days,65 days
644,Los Angeles,Sugar Foods,Closure Permanent,72,8 days,53 days,61 days
645,Los Angeles,Hollingsworth,Closure Permanent,15,10 days,59 days,69 days
646,Los Angeles,MemorialCare Long Beach Medical Center,Layoff Permanent,58,9 days,6 days,3 days
647,Plumas,Collins Pine Company,Layoff Temporary,62,9 days,13 days,4 days
648,San Mateo,Nevro Corp.,Layoff Permanent,63,24 days,36 days,60 days
649,Santa Clara,SMTC Corporation,Layoff Permanent,14,13 days,50 days,63 days
650,Santa Clara,Wayfair,Layoff Permanent,74,13 days,47 days,60 days
651,Alameda,In-N-Out Burgers,Closure Permanent,115,12 days,52 days,64 days
652,Orange,Lund Motion Products,Layoff Permanent,117,10 days,56 days,66 days
653,San Bernardino,Robert Bosch,Layoff Permanent,14,15 days,60 days,75 days
654,San Francisco,eBay Inc.,Layoff Permanent,20,9 days,8 days,1 days
655,Santa Clara,eBay Inc.,Layoff Permanent,261,9 days,8 days,1 days
656,Santa Clara,Pacific Catch,Closure Temporary,73,30 days,32 days,62 days
657,Solano,William Kreysler & Associates,Layoff Permanent,59,6 days,57 days,63 days
658,Stanislaus,Covenant Living Communities & Services,Closure Permanent,168,17 days,43 days,60 days
659,Los Angeles,Levy Premium Foodservice,Layoff Temporary,83,10 days,55 days,65 days
660,Los Angeles,Hawker Pacific Aerospace,Layoff Permanent,260,3 days,63 days,66 days
661,Los Angeles,Activision Blizzard,Layoff Permanent,49,8 days,57 days,65 days
662,Los Angeles,MedMen Enterprises,Layoff Permanent,10,3 days,3 days,0 days
663,Santa Clara,MedMen Enterprises,Layoff Permanent,7,3 days,3 days,0 days
664,Los Angeles,Activision Blizzard,Layoff Permanent,79,8 days,57 days,65 days
665,Los Angeles,Activision Blizzard,Layoff Permanent,130,8 days,57 days,65 days
666,Los Angeles,Covanta Long Beach Renewable Energy Corp.,Closure Permanent,39,2 days,59 days,61 days
667,Glenn,Syngenta Seeds,Closure Permanent,56,9 days,58 days,67 days
668,Nevada,TE Connectivity,Closure Permanent,58,2 days,63 days,65 days
669,San Mateo,Activision Blizzard,Layoff Permanent,76,8 days,57 days,65 days
670,Santa Clara,Maxar Space,Layoff Permanent,6,1 days,0 days,1 days
671,Orange,ITC Federal,Layoff Permanent,125,4 days,56 days,60 days
672,Orange,Activision Blizzard,Layoff Permanent,478,8 days,57 days,65 days
673,Riverside,El Dorado National (California),Layoff Permanent,425,4 days,56 days,60 days
674,Sacramento,Parker Hannifin Corporation,Closure Permanent,8,1 days,119 days,120 days
675,San Bernardino,Connect Homes,Closure Permanent,75,2 days,58 days,60 days
676,San Diego,Cue Health,Layoff Permanent,12,8 days,53 days,61 days
677,Santa Barbara,AppFolio,Layoff Permanent,16,2 days,58 days,60 days
678,Los Angeles,Los Angeles Times Communications,Layoff Permanent,77,10 days,52 days,62 days
679,Los Angeles,Los Angeles Times Communications,Layoff Permanent,19,10 days,52 days,62 days
680,Yolo,Woodland Rite Aid Distribution Center,Closure Permanent,241,10 days,31 days,41 days
681,Marin,Activision Blizzard,Layoff Permanent,85,8 days,57 days,65 days
682,Contra Costa,Corteva Agriscience,Layoff Permanent,6,0 days,81 days,81 days
683,Los Angeles,Shadow Holdings,Layoff Permanent,60,4 days,67 days,71 days
684,Los Angeles,Snap Inc.,Layoff Permanent,122,0 days,1 days,1 days
685,Santa Clara,Snap Inc.,Layoff Permanent,52,0 days,1 days,1 days
686,San Francisco,Salesforce,Layoff Permanent,51,4 days,78 days,82 days
687,San Francisco,"Okta, Inc.",Layoff Permanent,83,4 days,59 days,63 days
688,San Francisco,Flexport,Layoff Permanent,99,3 days,3 days,0 days
689,Santa Clara,PayPal,Layoff Permanent,311,6 days,54 days,60 days
690,Sonoma,CamelBak Products,Layoff Permanent,43,4 days,56 days,60 days
691,Ventura,Pennymac,Layoff Permanent,1,4 days,56 days,60 days
692,Santa Clara,Pixelberry Studios,Layoff Permanent,120,21 days,38 days,59 days
693,Orange,Boardriders Wholesale,Layoff Permanent,1,5 days,32 days,27 days
694,Orange,Boardriders Wholesale,Layoff Permanent,1,5 days,13 days,8 days
695,Orange,Boardriders Wholesale,Layoff Permanent,4,5 days,11 days,6 days
696,Orange,Boardriders Wholesale,Layoff Permanent,1,5 days,6 days,1 days
697,Orange,Boardriders Wholesale,Layoff Permanent,6,5 days,10 days,15 days
698,Orange,Boardriders Wholesale,Layoff Permanent,6,5 days,24 days,29 days
699,Orange,Boardriders Wholesale,Layoff Permanent,1,5 days,31 days,36 days
700,Orange,Boardriders Wholesale,Layoff Permanent,2,5 days,38 days,43 days
701,Orange,Boardriders Wholesale,Layoff Permanent,1,5 days,45 days,50 days
702,Orange,Boardriders Wholesale,Layoff Permanent,84,5 days,52 days,57 days
703,Orange,Boardriders Wholesale,Layoff Permanent,1,5 days,59 days,64 days
704,Orange,Boardriders Wholesale,Layoff Permanent,20,5 days,80 days,85 days
705,Orange,Boardriders Wholesale,Layoff Permanent,1,5 days,52 days,57 days
706,Riverside,Boardriders Wholesale,Layoff Permanent,89,5 days,1 days,4 days
707,Riverside,Boardriders Wholesale,Layoff Permanent,246,5 days,80 days,85 days
708,San Bernardino,DHL Supply Chain,Closure Permanent,13,21 days,39 days,60 days
709,Santa Clara,Pure Storage,Layoff Permanent,81,0 days,61 days,61 days
710,Los Angeles,Brookfield Properties,Layoff Permanent,19,14 days,53 days,67 days
711,Los Angeles,Brookfield Properties,Layoff Permanent,9,14 days,53 days,67 days
712,Los Angeles,Brookfield Properties,Layoff Permanent,18,14 days,53 days,67 days
713,Los Angeles,Brookfield Properties,Layoff Permanent,13,14 days,53 days,67 days
714,Los Angeles,Brookfield Properties,Layoff Permanent,12,14 days,53 days,67 days
715,Los Angeles,Brookfield Properties,Layoff Permanent,7,14 days,53 days,67 days
716,Los Angeles,Brookfield Properties,Layoff Permanent,29,14 days,53 days,67 days
717,San Francisco,Brookfield Properties,Layoff Permanent,2,14 days,53 days,67 days
718,San Francisco,Brookfield Properties,Layoff Permanent,3,14 days,53 days,67 days
719,Santa Clara,Brookfield Properties,Layoff Permanent,1,14 days,53 days,67 days
720,San Francisco,Grammarly,Layoff Permanent,82,1 days,60 days,61 days
721,Los Angeles,"Leggett & Platt, Inc.",Closure Permanent,55,0 days,77 days,77 days
722,Ventura,Adventist Health,Layoff Permanent,53,1 days,89 days,90 days
723,Los Angeles,California Institute of Technology,Layoff Permanent,521,2 days,58 days,60 days
724,Los Angeles,Johnson & Johnson,Closure Permanent,84,0 days,60 days,60 days
725,Los Angeles,City National Bank,Layoff Permanent,32,0 days,62 days,62 days
726,Los Angeles,City National Bank,Layoff Permanent,24,0 days,62 days,62 days
727,Los Angeles,"Zwift, Inc.",Layoff Permanent,76,7 days,54 days,61 days
728,San Bernardino,Gibson Overseas,Closure Permanent,44,4 days,77 days,81 days
729,San Francisco,Aurora Solar Inc.,Layoff Permanent,115,1 days,13 days,12 days
730,Los Angeles,Riot Games,Layoff Permanent,330,23 days,40 days,63 days
731,San Mateo,Riot Games,Layoff Permanent,6,23 days,40 days,63 days
732,San Bernardino,"Universal Intermodal Services, Inc.",Layoff Permanent,42,1 days,65 days,66 days
733,San Diego,Nordson Corporation,Layoff Permanent,69,1 days,72 days,73 days
734,San Francisco,Instacart,Layoff Permanent,105,1 days,2 days,3 days
735,San Diego,Sorrento Therapeutics,Layoff Permanent,62,1 days,5 days,6 days
736,San Diego,Sorrento Therapeutics,Layoff Permanent,15,1 days,5 days,6 days
737,Orange,The Rinks Foundation,Closure Permanent,35,9 days,51 days,60 days
738,Orange,DXS Logistics,Closure Permanent,80,2 days,57 days,59 days
739,San Diego,AVMAC,Layoff Permanent,153,1 days,74 days,75 days
740,Kern,Ridgecrest Regional Hospital,Layoff Permanent,31,12 days,48 days,60 days
741,Los Angeles,D' Addario Woodwinds,Layoff Permanent,6,5 days,59 days,64 days
742,Los Angeles,Paramount Global,Layoff Permanent,56,5 days,59 days,64 days
743,Los Angeles,Paramount Global,Layoff Permanent,85,5 days,59 days,64 days
744,San Diego,"TuSimple, Inc.",Layoff Permanent,6,5 days,55 days,60 days
745,Placer,Round Table Pizza,Layoff Permanent,4,5 days,59 days,64 days
746,Placer,Round Table Pizza,Layoff Permanent,4,5 days,59 days,64 days
747,Sacramento,Round Table Pizza,Layoff Permanent,7,5 days,59 days,64 days
748,Sacramento,Round Table Pizza,Layoff Permanent,4,5 days,59 days,64 days
749,Sacramento,Round Table Pizza,Layoff Permanent,3,5 days,59 days,64 days
750,Sacramento,Round Table Pizza,Layoff Permanent,5,5 days,59 days,64 days
751,Sacramento,Round Table Pizza,Layoff Permanent,9,5 days,59 days,64 days
752,Sacramento,Round Table Pizza,Layoff Permanent,1,5 days,59 days,64 days
753,Sacramento,Round Table Pizza,Layoff Permanent,3,5 days,59 days,64 days
754,Sacramento,Round Table Pizza,Layoff Permanent,4,5 days,59 days,64 days
755,Sacramento,Round Table Pizza,Layoff Permanent,4,5 days,59 days,64 days
756,Sacramento,Round Table Pizza,Layoff Permanent,5,5 days,59 days,64 days
757,Sacramento,Round Table Pizza,Layoff Permanent,5,5 days,59 days,64 days
758,Yolo,Round Table Pizza,Layoff Permanent,8,5 days,59 days,64 days
759,Los Angeles,Carbon Health,Layoff Permanent,1,40 days,20 days,60 days
760,Los Angeles,Carbon Health,Layoff Permanent,1,40 days,20 days,60 days
761,Los Angeles,Carbon Health,Layoff Permanent,4,40 days,20 days,60 days
762,Los Angeles,Carbon Health,Layoff Permanent,2,40 days,20 days,60 days
763,Los Angeles,Carbon Health,Layoff Permanent,6,40 days,20 days,60 days
764,Los Angeles,Carbon Health,Layoff Permanent,2,40 days,20 days,60 days
765,Los Angeles,Carbon Health,Layoff Permanent,1,40 days,20 days,60 days
766,Marin,Carbon Health,Layoff Permanent,10,40 days,20 days,60 days
767,Orange,Carbon Health,Layoff Permanent,4,40 days,20 days,60 days
768,Orange,Carbon Health,Layoff Permanent,5,40 days,20 days,60 days
769,Riverside,Carbon Health,Layoff Permanent,2,40 days,20 days,60 days
770,San Bernardino,Carbon Health,Layoff Permanent,5,40 days,20 days,60 days
771,San Bernardino,Carbon Health,Layoff Permanent,2,40 days,20 days,60 days
772,San Diego,Carbon Health,Layoff Permanent,2,40 days,20 days,60 days
773,San Diego,Carbon Health,Layoff Permanent,2,40 days,20 days,60 days
774,San Francisco,Carbon Health,Layoff Permanent,7,40 days,20 days,60 days
775,Solano,William Kreysler & Associates,Layoff Permanent,25,5 days,58 days,63 days
776,Kern,Daifuku Services America Corporation,Layoff Permanent,80,0 days,60 days,60 days
777,Kern,Daifuku Services America Corporation,Layoff Permanent,75,0 days,60 days,60 days
778,Los Angeles,Jacmar Foodservice Distribution,Layoff Permanent,92,1 days,88 days,89 days
779,San Mateo,Marriott,Closure Permanent,127,1 days,69 days,70 days
780,San Bernardino,Workforce Enterprises,Closure Permanent,93,9 days,53 days,62 days
781,San Francisco,Cisco Systems,Layoff Permanent,108,7 days,53 days,60 days
782,Santa Clara,Cisco Systems,Layoff Permanent,447,7 days,53 days,60 days
783,Santa Clara,Cisco Systems,Layoff Permanent,176,7 days,53 days,60 days
784,Sonoma,La Tortilla Factory,Closure Permanent,132,21 days,38 days,59 days
785,Los Angeles,Southern California Pizza Company,Layoff Permanent,393,84 days,18 days,66 days
786,Orange,Southern California Pizza Company,Layoff Permanent,129,84 days,18 days,66 days
787,Riverside,Southern California Pizza Company,Layoff Permanent,67,84 days,18 days,66 days
788,San Bernardino,Southern California Pizza Company,Layoff Permanent,80,84 days,18 days,66 days
789,Santa Barbara,Southern California Pizza Company,Layoff Permanent,8,84 days,18 days,66 days
790,Ventura,Southern California Pizza Company,Layoff Permanent,9,84 days,18 days,66 days
791,San Mateo,Janssen Research & Development,Closure Permanent,55,0 days,63 days,63 days
792,Orange,SoCal South OC,Layoff Permanent,12,84 days,18 days,66 days
793,Orange,SoCal South OC,Layoff Permanent,5,84 days,18 days,66 days
794,Orange,SoCal South OC,Layoff Permanent,2,84 days,18 days,66 days
795,Orange,SoCal South OC,Layoff Permanent,2,84 days,18 days,66 days
796,Orange,SoCal South OC,Layoff Permanent,4,84 days,18 days,66 days
797,Los Angeles,SoCal Pizza Holdings,Layoff Permanent,64,84 days,18 days,66 days
798,Orange,SoCal Pizza Holdings,Layoff Permanent,28,84 days,18 days,66 days
799,Riverside,SoCal Pizza Holdings,Layoff Permanent,22,84 days,18 days,66 days
800,San Bernardino,SoCal Pizza Holdings,Layoff Permanent,10,84 days,18 days,66 days
801,Santa Barbara,SoCal Pizza Holdings,Layoff Permanent,6,84 days,18 days,66 days
802,Orange,Rivian Automotive,Layoff Permanent,30,4 days,57 days,61 days
803,Orange,Rivian Automotive,Layoff Permanent,99,4 days,57 days,61 days
804,Orange,Rivian Automotive,Layoff Permanent,5,4 days,57 days,61 days
805,Orange,Rivian Automotive,Layoff Permanent,14,4 days,57 days,61 days
806,Orange,Rivian Automotive,Layoff Permanent,35,4 days,57 days,61 days
807,Orange,Rivian Automotive,Layoff Permanent,2,4 days,57 days,61 days
808,Orange,Rivian Automotive,Layoff Permanent,6,4 days,57 days,61 days
809,Santa Clara,Rivian Automotive,Layoff Permanent,77,4 days,57 days,61 days
810,Santa Clara,Rivian Automotive,Layoff Permanent,45,4 days,57 days,61 days
811,Santa Clara,Rivian Automotive,Layoff Permanent,18,4 days,57 days,61 days
812,Santa Clara,Rivian Automotive,Layoff Permanent,9,4 days,57 days,61 days
813,Alameda,Exelixis,Layoff Permanent,143,50 days,10 days,60 days
814,Orange,"Marvell Semiconductor, Inc.",Layoff Permanent,43,34 days,28 days,62 days
815,Santa Clara,"Marvell Semiconductor, Inc.",Layoff Permanent,23,34 days,28 days,62 days
816,Santa Clara,Jabil Inc.,Closure Permanent,9,1 days,155 days,156 days
817,San Mateo,Sony,Layoff Permanent,118,1 days,17 days,18 days
818,Los Angeles,BuzzFeed Media Enterprises,Layoff Permanent,59,1 days,60 days,61 days
819,San Mateo,Balfour Beatty US Civils,Layoff Permanent,222,3 days,57 days,60 days
820,San Diego,The Dog,Closure Permanent,5,2 days,59 days,61 days
821,Los Angeles,Paramount Global,Layoff Permanent,1,2 days,49 days,51 days
822,Sacramento,Delta Dental Plan of California,Layoff Permanent,137,1 days,77 days,78 days
823,San Bernardino,Mission Foods,Layoff Permanent,93,2 days,58 days,60 days
824,San Francisco,Levi Strauss & Co.,Layoff Permanent,146,2 days,57 days,59 days
825,Alameda,Walters & Wolf Precast,Closure Permanent,86,3 days,57 days,60 days
826,Los Angeles,Walmart,Closure Permanent,233,5 days,88 days,93 days
827,Los Angeles,AHMC San Gabriel Valley Medical Center,Layoff Permanent,3,3 days,57 days,60 days
828,San Diego,Orion Strategic Solutions,Layoff Permanent,10,4 days,57 days,61 days
829,Sonoma,St. Vincent de Paul High School,Closure Permanent,68,3 days,58 days,61 days
830,Los Angeles,Universal Music Group,Layoff Permanent,4,4 days,64 days,68 days
831,Los Angeles,Universal Music Group,Layoff Permanent,2,4 days,64 days,68 days
832,Los Angeles,Universal Music Group,Layoff Permanent,56,4 days,64 days,68 days
833,Los Angeles,Universal Music Group,Layoff Permanent,7,4 days,64 days,68 days
834,Los Angeles,Universal Music Group,Layoff Permanent,14,4 days,64 days,68 days
835,Orange,Safran Cabin,Closure Permanent,281,1 days,56 days,57 days
836,San Mateo,Bay Area PL Services,Layoff Permanent,87,2 days,59 days,61 days
837,San Mateo,"Catalent, Inc.",Closure Permanent,40,1 days,79 days,80 days
838,San Mateo,"Catalent, Inc.",Closure Permanent,50,1 days,79 days,80 days
839,Santa Clara,Juniper Networks,Layoff Permanent,7,1 days,61 days,62 days
840,Orange,NFI National Distribution Centers,Closure Permanent,30,1 days,61 days,62 days
841,San Bernardino,ADT Solar,Closure Permanent,58,12 days,12 days,0 days
842,San Bernardino,Neovia Logistics Distribution,Closure Permanent,31,1 days,147 days,148 days
843,San Bernardino,UPS,Layoff Permanent,333,9 days,52 days,61 days
844,Santa Clara,Lumentum Operations,Layoff Permanent,66,0 days,61 days,61 days
845,Santa Clara,Lumentum Operations,Layoff Permanent,11,0 days,61 days,61 days
846,Santa Clara,Lumentum Operations,Layoff Permanent,5,0 days,61 days,61 days
847,San Bernardino,Nordstrom,Closure Permanent,784,2 days,116 days,118 days
848,Los Angeles,Epic Games,Layoff Permanent,30,161 days,157 days,4 days
849,Marin,Epic Games,Layoff Permanent,34,161 days,157 days,4 days
850,San Diego,Epic Games,Layoff Permanent,33,161 days,157 days,4 days
851,San Joaquin,NFI National Distribution Centers,Closure Permanent,1,9 days,51 days,60 days
852,San Joaquin,PetVet Care Centers,Closure Permanent,2,1 days,60 days,61 days
853,San Joaquin,PetVet Care Centers,Closure Permanent,2,1 days,60 days,61 days
854,Los Angeles,WaFD Bank,Layoff Permanent,49,27 days,50 days,77 days
855,Santa Clara,Kett Engineering Corporation,Layoff Permanent,180,1 days,63 days,64 days
856,Los Angeles,D' Addario Woodwinds,Layoff Permanent,4,12 days,53 days,65 days
857,Los Angeles,AHMC San Gabriel Valley Medical Center,Layoff Permanent,62,0 days,61 days,61 days
858,San Diego,PKL Services Inc,Layoff Permanent,89,14 days,47 days,61 days
859,San Francisco,Watermark Services,Layoff Permanent,41,13 days,47 days,60 days
860,San Diego,Bristol Myers Squibb,Layoff Permanent,252,1 days,38 days,39 days
861,San Diego,Scripps Health,Layoff Permanent,13,1 days,59 days,60 days
862,San Diego,Scripps Health,Layoff Permanent,134,1 days,100 days,101 days
863,Placer,Walmart,Layoff Permanent,79,4 days,88 days,92 days
864,Orange,The Hills Hotel,Layoff Permanent,73,3 days,60 days,63 days
865,San Diego,"TuSimple, Inc.",Layoff Permanent,6,3 days,3 days,0 days
866,Los Angeles,Northrop Grumman,Layoff Permanent,731,16 days,40 days,56 days
867,Los Angeles,Northrop Grumman,Layoff Permanent,227,16 days,40 days,56 days
868,Los Angeles,Northrop Grumman,Layoff Permanent,3,16 days,40 days,56 days
869,Los Angeles,Northrop Grumman,Layoff Permanent,2,16 days,40 days,56 days
870,Los Angeles,Northrop Grumman,Layoff Permanent,1,16 days,40 days,56 days
871,Los Angeles,Northrop Grumman,Layoff Permanent,105,16 days,40 days,56 days
872,San Francisco,Unity Technologies,Layoff Permanent,49,48 days,12 days,60 days
873,Napa,IKEA,Closure Permanent,147,5 days,68 days,73 days
874,Los Angeles,The Real Good Food Company,Closure Permanent,21,6 days,59 days,65 days
875,Los Angeles,The Real Good Food Company,Layoff Permanent,7,6 days,59 days,65 days
876,Los Angeles,ISU PETASYS CORP.,Closure Permanent,96,1 days,65 days,66 days
877,Los Angeles,NSI Services,Closure Permanent,64,10 days,52 days,62 days
878,Los Angeles,NSI Services,Closure Permanent,56,10 days,52 days,62 days
879,Los Angeles,NSI Services,Closure Permanent,14,10 days,52 days,62 days
880,Los Angeles,NSI Services,Closure Permanent,7,10 days,52 days,62 days
881,Orange,NSI Services,Closure Permanent,51,10 days,52 days,62 days
882,San Luis Obispo,NSI Services,Closure Permanent,6,10 days,52 days,62 days
883,San Diego,Medtronic,Layoff Permanent,44,2 days,53 days,55 days
884,San Joaquin,Jabil Inc.,Closure Permanent,43,0 days,65 days,65 days
885,Santa Clara,Cole Haan,Layoff Permanent,9,1 days,1 days,0 days
886,Los Angeles,OTS Solutions,Layoff Permanent,19,8 days,52 days,60 days
887,Los Angeles,OTS Solutions,Layoff Permanent,2,8 days,52 days,60 days
888,Ventura,"La Reina, CA Religious Nonprofit Corp",Closure Permanent,57,2 days,63 days,65 days
889,Fresno,Western Power Sports,Closure Permanent,11,5 days,59 days,64 days
890,Los Angeles,Reins International California,Closure Permanent,52,4 days,64 days,68 days
891,San Mateo,The Ronin Project,Closure Permanent,131,29 days,32 days,3 days
892,Santa Clara,Apple,Layoff Permanent,371,5 days,55 days,60 days
893,Santa Clara,Apple,Layoff Permanent,11,5 days,55 days,60 days
894,Santa Clara,Apple,Layoff Permanent,23,5 days,55 days,60 days
895,Santa Clara,Apple,Layoff Permanent,15,5 days,55 days,60 days
896,Santa Clara,Apple,Layoff Permanent,58,5 days,55 days,60 days
897,Santa Clara,Apple,Layoff Permanent,49,5 days,55 days,60 days
898,Santa Clara,Apple,Layoff Permanent,35,5 days,55 days,60 days
899,Santa Clara,Apple,Layoff Permanent,52,5 days,55 days,60 days
900,Orange,Sega of America,Layoff Permanent,15,5 days,3 days,8 days
901,Orange,"Resort Vacations, Inc.",Closure Permanent,24,11 days,49 days,60 days
902,Riverside,US Display Group,Closure Permanent,50,11 days,50 days,61 days
903,Orange,"Resort Vacations, Inc.",Layoff Permanent,34,11 days,49 days,60 days
904,Los Angeles,"A.C. Vroman, Inc.",Closure Permanent,12,9 days,52 days,61 days
905,Los Angeles,D' Addario Woodwinds,Layoff Permanent,6,2 days,58 days,60 days
906,Orange,Abbott,Closure Permanent,12,1 days,59 days,60 days
907,Contra Costa,Williams-Sonoma Direct,Closure Permanent,36,0 days,62 days,62 days
908,San Bernardino,UPS,Layoff Permanent,68,5 days,27 days,32 days
909,San Diego,Woodbury University,Closure Permanent,10,5 days,88 days,93 days
910,San Diego,Thermo Fisher Scientific,Closure Permanent,74,6 days,58 days,64 days
911,San Francisco,"Osso VR, Inc.",Layoff Permanent,67,6 days,54 days,60 days
912,Santa Clara,Sakata Seed America,Closure Permanent,36,5 days,58 days,63 days
913,Los Angeles,Happy Money,Layoff Permanent,89,1 days,61 days,62 days
914,Los Angeles,Full Steam Staffing,Layoff Permanent,323,13 days,50 days,63 days
915,San Mateo,Sanofi,Closure Permanent,100,2 days,59 days,61 days
916,San Diego,Bionano Genomics,Layoff Permanent,64,15 days,49 days,64 days
917,Los Angeles,Image Solutions Apparel,Closure Permanent,21,9 days,56 days,65 days
918,Los Angeles,Providence Holy Cross Medical Center,Layoff Permanent,1,4 days,56 days,60 days
919,Los Angeles,Providence Holy Cross Medical Center,Layoff Permanent,5,4 days,56 days,60 days
920,Los Angeles,Providence Holy Cross Medical Center,Layoff Permanent,2,4 days,56 days,60 days
921,San Mateo,Telecare Corporation,Closure Permanent,100,5 days,56 days,61 days
922,Santa Clara,Intel Corporation,Layoff Permanent,57,4 days,47 days,51 days
923,Santa Clara,Intel Corporation,Layoff Permanent,5,4 days,47 days,51 days
924,Alameda,Golden Gate Fields,Closure Permanent,203,4 days,61 days,65 days
925,Los Angeles,Transdev Services,Closure Permanent,179,4 days,82 days,86 days
926,San Mateo,Genentech,Layoff Permanent,436,6 days,57 days,63 days
927,Orange,PIRCH,Layoff Permanent,14,5 days,5 days,0 days
928,Orange,PIRCH,Layoff Permanent,2,5 days,5 days,0 days
929,Orange,PIRCH,Layoff Permanent,1,5 days,5 days,0 days
930,San Diego,PIRCH,Layoff Permanent,23,5 days,5 days,0 days
931,San Diego,WIS International,Closure Permanent,12,13 days,49 days,62 days
932,San Francisco,Volta Inc.,Closure Permanent,68,11 days,52 days,63 days
933,San Francisco,Temple Nightclub,Closure Permanent,86,6 days,46 days,52 days
934,Orange,Experian Information Solutions,Layoff Permanent,70,2 days,58 days,60 days
935,Los Angeles,J.B. Hunt Transport,Closure Permanent,231,7 days,53 days,60 days
936,Santa Clara,Lockheed Martin,Layoff Permanent,66,3 days,59 days,62 days
937,Santa Clara,Lockheed Martin,Layoff Permanent,2,3 days,59 days,62 days
938,Santa Clara,Coherent Corp.,Layoff Permanent,61,2 days,59 days,61 days
939,Santa Cruz,Lockheed Martin,Layoff Permanent,1,3 days,59 days,62 days
940,Los Angeles,Activision Blizzard,Layoff Permanent,1,4 days,56 days,60 days
941,Orange,Activision Blizzard,Layoff Permanent,18,4 days,56 days,60 days
942,Santa Clara,The Health Trust,Layoff Permanent,23,11 days,77 days,88 days
943,Santa Clara,The Health Trust,Layoff Permanent,15,11 days,77 days,88 days
944,Santa Clara,The Health Trust,Layoff Permanent,33,11 days,77 days,88 days
945,Santa Clara,The Health Trust,Layoff Permanent,16,11 days,77 days,88 days
946,San Francisco,"Hinge Health, Inc.",Layoff Permanent,45,4 days,57 days,61 days
947,Los Angeles,OTS Solutions,Layoff Permanent,6,4 days,56 days,60 days
948,Alameda,Aura Management,Layoff Permanent,12,15 days,71 days,86 days
949,Contra Costa,99 Cents Only Stores,Closure Permanent,34,12 days,48 days,60 days
950,Contra Costa,99 Cents Only Stores,Closure Permanent,56,12 days,48 days,60 days
951,Los Angeles,99 Cents Only Stores,Closure Permanent,40,12 days,48 days,60 days
952,Los Angeles,99 Cents Only Stores,Closure Permanent,44,12 days,48 days,60 days
953,Los Angeles,99 Cents Only Stores,Closure Permanent,26,12 days,48 days,60 days
954,Los Angeles,99 Cents Only Stores,Closure Permanent,453,12 days,48 days,60 days
955,Los Angeles,99 Cents Only Stores,Closure Permanent,41,12 days,48 days,60 days
956,Merced,99 Cents Only Stores,Closure Permanent,41,12 days,48 days,60 days
957,Orange,99 Cents Only Stores,Closure Permanent,32,12 days,48 days,60 days
958,Sacramento,99 Cents Only Stores,Closure Permanent,50,12 days,48 days,60 days
959,Sacramento,99 Cents Only Stores,Closure Permanent,39,12 days,48 days,60 days
960,Sacramento,99 Cents Only Stores,Closure Permanent,40,12 days,48 days,60 days
961,San Diego,99 Cents Only Stores,Closure Permanent,49,12 days,48 days,60 days
962,San Diego,99 Cents Only Stores,Closure Permanent,46,12 days,48 days,60 days
963,San Diego,99 Cents Only Stores,Closure Permanent,52,12 days,48 days,60 days
964,Butte,Project Fusion,Closure Permanent,26,5 days,56 days,61 days
965,Butte,Project Fusion,Closure Permanent,34,5 days,56 days,61 days
966,Butte,Project Fusion,Closure Permanent,22,5 days,56 days,61 days
967,San Francisco,Checkr,Layoff Permanent,260,7 days,55 days,62 days
968,Los Angeles,Post Acute Registry,Closure Permanent,42,16 days,59 days,75 days
969,Los Angeles,D' Addario Woodwinds,Closure Permanent,5,2 days,58 days,60 days
970,Los Angeles,"Participant Media, LLC",Closure Permanent,107,1 days,20 days,21 days
971,Santa Clara,SAP America,Layoff Permanent,108,5 days,61 days,66 days
972,Sacramento,Cracker Barrel,Closure Permanent,70,2 days,58 days,60 days
973,Santa Barbara,Cracker Barrel,Closure Permanent,81,2 days,58 days,60 days
974,San Bernardino,DHL Supply Chain,Closure Permanent,109,2 days,136 days,138 days
975,San Francisco,Allen Brothers West Coast,Closure Permanent,53,9 days,53 days,62 days
976,Stanislaus,Stanislaus Surgical Hospital,Closure Temporary,191,2 days,13 days,15 days
977,Alameda,Aura Management,Closure Permanent,13,0 days,62 days,62 days
978,Alameda,Aura Management,Closure Permanent,11,0 days,70 days,70 days
979,Alameda,Aura Management,Closure Permanent,13,0 days,63 days,63 days
980,Contra Costa,Aura Management,Closure Permanent,16,0 days,53 days,53 days
981,Contra Costa,Aura Management,Closure Permanent,16,0 days,61 days,61 days
982,Contra Costa,Aura Management,Closure Permanent,17,0 days,67 days,67 days
983,Contra Costa,Aura Management,Closure Permanent,13,0 days,56 days,56 days
984,Contra Costa,Aura Management,Closure Permanent,16,0 days,55 days,55 days
985,Contra Costa,Aura Management,Closure Permanent,13,0 days,60 days,60 days
986,Contra Costa,Aura Management,Closure Permanent,20,0 days,84 days,84 days
987,Contra Costa,Aura Management,Closure Permanent,11,0 days,104 days,104 days
988,Monterey,Aura Management,Closure Permanent,14,0 days,88 days,88 days
989,San Mateo,Aura Management,Closure Permanent,20,0 days,68 days,68 days
990,Santa Clara,Aura Management,Closure Permanent,19,0 days,90 days,90 days
991,Santa Clara,Aura Management,Closure Permanent,6,0 days,82 days,82 days
992,Santa Clara,Aura Management,Closure Permanent,15,0 days,83 days,83 days
993,Santa Clara,Aura Management,Closure Permanent,13,0 days,84 days,84 days
994,Santa Cruz,Aura Management,Closure Permanent,11,0 days,89 days,89 days
995,Solano,Aura Management,Closure Permanent,13,0 days,49 days,49 days
996,Solano,Aura Management,Closure Permanent,13,0 days,46 days,46 days
997,Solano,Aura Management,Closure Permanent,17,0 days,47 days,47 days
998,Sonoma,Aura Management,Closure Permanent,12,0 days,48 days,48 days
999,Los Angeles,Para Los Ninos,Layoff Permanent,25,7 days,54 days,61 days
1000,Los Angeles,Para Los Ninos,Layoff Permanent,23,7 days,54 days,61 days
1001,Los Angeles,Para Los Ninos,Layoff Permanent,19,7 days,54 days,61 days
1002,Los Angeles,Chick-fil-A,Closure Temporary,82,9 days,49 days,58 days
